{
  "Tyle Chwaliszewo, Poznań": null,
  "Chwaliszewo od, Poznań": {
    "address": "Chwaliszewo, Stare Miasto, Poznań, województwo wielkopolskie, 61-102, Polska",
    "lat": 52.4069342,
    "lon": 16.9424386
  },
  "Kwiatowa, Poznań": {
    "address": "Kwiatowa, Rybaki, Stare Miasto, Poznań, województwo wielkopolskie, 61-883, Polska",
    "lat": 52.401875,
    "lon": 16.9312654
  },
  "Szkolna, Poznań": {
    "address": "Szkolna, Rybaki, Stare Miasto, Poznań, województwo wielkopolskie, 61-832, Polska",
    "lat": 52.4075185,
    "lon": 16.9322942
  },
  "Letnia, Poznań": {
    "address": "Letnia, Główieniec, Antoninek, Antoninek-Zieliniec-Kobylepole, Poznań, województwo wielkopolskie, 61-057, Polska",
    "lat": 52.4056993,
    "lon": 17.0349651
  },
  "Pozna, Poznań": null,
  "Przedszkolna, Poznań": {
    "address": "Przedszkolna, Tarnowo Podgórne, gmina Tarnowo Podgórne, powiat poznański, województwo wielkopolskie, 62-079, Polska",
    "lat": 52.4794042,
    "lon": 16.6621882
  },
  "Zimowa, Poznań": {
    "address": "Zimowa, Ogrody, Poznań, województwo wielkopolskie, 60-595, Polska",
    "lat": 52.4144381,
    "lon": 16.8706329
  },
  "Wiosenna, Poznań": {
    "address": "Wiosenna, Ogrody, Poznań, województwo wielkopolskie, 60-592, Polska",
    "lat": 52.4145998,
    "lon": 16.8720792
  },
  "Jesienna, Poznań": {
    "address": "Jesienna, Osiedle ks. Jerzego Popiełuszki, Grunwald Północ, Poznań, województwo wielkopolskie, 60-376, Polska",
    "lat": 52.4079912,
    "lon": 16.8752835
  },
  "Ogrodowa, Poznań": {
    "address": "Ogrodowa, Piekary, Stare Miasto, Poznań, województwo wielkopolskie, 61-825, Polska",
    "lat": 52.4038105,
    "lon": 16.929477
  },
  "Kazimierza Wielkiego, Poznań": {
    "address": "Kazimierza Wielkiego, Chwaliszewo, Stare Miasto, Poznań, województwo wielkopolskie, 61-860, Polska",
    "lat": 52.4024458,
    "lon": 16.9408893
  },
  "Pogodna, Poznań": {
    "address": "Pogodna, Raszyn, Grunwald Południe, Poznań, województwo wielkopolskie, 60-137, Polska",
    "lat": 52.3878732,
    "lon": 16.8760061
  },
  "Cymsa, Poznań": {
    "address": "Pawła Cymsa, Świerczewo, Poznań, województwo wielkopolskie, 61-421, Polska",
    "lat": 52.3684743,
    "lon": 16.8854323
  },
  "Kiedacza, Poznań": {
    "address": "Zbigniewa Kiedacza, Świerczewo, Poznań, województwo wielkopolskie, 61-421, Polska",
    "lat": 52.3695052,
    "lon": 16.8859378
  },
  "Worcella., Poznań": {
    "address": "Stanisława Worcella, Świerczewo, Poznań, województwo wielkopolskie, 61-421, Polska",
    "lat": 52.369921,
    "lon": 16.8859819
  },
  "Sucharskiego od, Poznań": {
    "address": "Henryka Sucharskiego, Świerczewo, Poznań, województwo wielkopolskie, 61-421, Polska",
    "lat": 52.3686577,
    "lon": 16.8889604
  },
  "Dobrochny, Poznań": {
    "address": "Dobrochny, Antoninek Dolny, Antoninek-Zieliniec-Kobylepole, Poznań, województwo wielkopolskie, 61-055, Polska",
    "lat": 52.409158,
    "lon": 17.0159192
  },
  "Szewska od, Poznań": {
    "address": "Szewska, Garbary, Stare Miasto, Poznań, województwo wielkopolskie, 61-760, Polska",
    "lat": 52.4101136,
    "lon": 16.9366359
  },
  "Wielka, Poznań": {
    "address": "Wielka, Garbary, Stare Miasto, Poznań, województwo wielkopolskie, 61-001, Polska",
    "lat": 52.408761,
    "lon": 16.9351471
  },
  "Robocza, Poznań": {
    "address": "Robocza, Rynek Wildecki, Wilda, Poznań, województwo wielkopolskie, 61-519, Polska",
    "lat": 52.3889462,
    "lon": 16.9108028
  },
  "Czarnieckiego, Poznań": {
    "address": "Stefana Czarnieckiego, Rynek Wildecki, Wilda, Poznań, województwo wielkopolskie, 61-538, Polska",
    "lat": 52.393043,
    "lon": 16.9168331
  },
  "Jesionowa od, Poznań": {
    "address": "Jesionowa, Dębiec, Świerczewo, Poznań, województwo wielkopolskie, 61-432, Polska",
    "lat": 52.3681404,
    "lon": 16.8947514
  },
  "Opolska, Poznań": {
    "address": "Opolska, Świerczewo, Poznań, województwo wielkopolskie, 61-404, Polska",
    "lat": 52.3625639,
    "lon": 16.8910512
  },
  "Brzozowa od, Poznań": {
    "address": "Brzozowa, Dębiec, Świerczewo, Poznań, województwo wielkopolskie, 61-428, Polska",
    "lat": 52.3692404,
    "lon": 16.8961435
  },
  "Franowo od, Poznań": {
    "address": "Franowo, Chartowo, Poznań, województwo wielkopolskie, Polska",
    "lat": 52.3769444,
    "lon": 16.9897222
  },
  "Klenowska, Poznań": {
    "address": "Klenowska, Franowo, Chartowo, Poznań, województwo wielkopolskie, 61-292, Polska",
    "lat": 52.3793087,
    "lon": 16.9797452
  },
  "Ternicka, Poznań": {
    "address": "Ternicka, Franowo, Chartowo, Poznań, województwo wielkopolskie, 61-302, Polska",
    "lat": 52.3775831,
    "lon": 16.9906004
  },
  "Smolna, Poznań": {
    "address": "Smolna, Ostrów Tumski-Śródka-Zawady-Komandoria, Poznań, województwo wielkopolskie, 61-008, Polska",
    "lat": 52.4231395,
    "lon": 16.9652073
  },
  "Nadolnik, Poznań": {
    "address": "Nadolnik, Główna, Poznań, województwo wielkopolskie, 61-012, Polska",
    "lat": 52.4244767,
    "lon": 16.9714946
  },
  "Mickiewicza, Poznań": {
    "address": "Cokół po pomniku Adama Mickiewicza, Święty Marcin, Piekary, Stare Miasto, Poznań, województwo wielkopolskie, 61-810, Polska",
    "lat": 52.4057491,
    "lon": 16.928792
  },
  "Jarachowskiego od, Poznań": null,
  "Kossaka od, Poznań": {
    "address": "Juliusza Kossaka, Łazarz, Poznań, województwo wielkopolskie, 60-763, Polska",
    "lat": 52.3999606,
    "lon": 16.8975131
  },
  "Limanowskiego od, Poznań": {
    "address": "Bolesława Limanowskiego, Łazarz, Poznań, województwo wielkopolskie, 60-001, Polska",
    "lat": 52.3968703,
    "lon": 16.8992814
  },
  "Wyspia, Poznań": null,
  "Cyniowa od, Poznań": {
    "address": "Cyniowa, Osiedle Kwiatowe, Poznań, województwo wielkopolskie, 60-175, Polska",
    "lat": 52.3836718,
    "lon": 16.8207505
  },
  "Malwowa, Poznań": {
    "address": "Malwowa, Osiedle Kwiatowe, Poznań, województwo wielkopolskie, 60-175, Polska",
    "lat": 52.3853433,
    "lon": 16.8236995
  },
  "Macierzankowa, Poznań": {
    "address": "Macierzankowa, Osiedle Kwiatowe, Poznań, województwo wielkopolskie, 60-175, Polska",
    "lat": 52.384267,
    "lon": 16.8224423
  },
  "Stokrotkowa, Poznań": {
    "address": "Stokrotkowa, Osiedle Kwiatowe, Poznań, województwo wielkopolskie, 61-169, Polska",
    "lat": 52.3827642,
    "lon": 16.8263654
  },
  "Miros, Poznań": null,
  "Mniszkowa, Poznań": {
    "address": "Mniszkowa, Lusówko, gmina Tarnowo Podgórne, powiat poznański, województwo wielkopolskie, 62-080, Polska",
    "lat": 52.4271485,
    "lon": 16.6404016
  },
  "Przemys, Poznań": null,
  "Palmowa, Poznań": {
    "address": "Palmowa, Skrzynki, gmina Kórnik, powiat poznański, województwo wielkopolskie, 62-023, Polska",
    "lat": 52.2698488,
    "lon": 17.0658333
  },
  "Figowa, Poznań": {
    "address": "Figowa, Różany Młyn, Umultowo, Poznań, województwo wielkopolskie, 61-605, Polska",
    "lat": 52.4632837,
    "lon": 16.9586506
  },
  "Franciszka Kleeberga, Poznań": {
    "address": "Franciszka Kleeberga, Osiedle Za Fortem, Naramowice, Poznań, województwo wielkopolskie, 61-615, Polska",
    "lat": 52.4453581,
    "lon": 16.9386948
  },
  "Edmunda Knolla-Kownackiego13, Poznań": null,
  "Grzmota-Skotnickiego, Poznań": {
    "address": "Stanisława Grzmota-Skotnickiego, Osiedle Za Fortem, Naramowice, Poznań, województwo wielkopolskie, 61-615, Polska",
    "lat": 52.4444547,
    "lon": 16.9388398
  },
  "Poznań: ul. Węgorka 22 (ROD \"Stokrotka\")., Poznań": null,
  "Parkowa, Poznań": {
    "address": "Parkowa, Łazarz, Poznań, województwo wielkopolskie, 60-774, Polska",
    "lat": 52.4019724,
    "lon": 16.9030897
  },
  "Lipowa, Poznań": {
    "address": "Lipowa, Wilda, Poznań, województwo wielkopolskie, 61-478, Polska",
    "lat": 52.3751532,
    "lon": 16.9085839
  },
  "Stra, Poznań": null,
  "Spokojna, Poznań": {
    "address": "Spokojna, Umultowo, Poznań, województwo wielkopolskie, 61-601, Polska",
    "lat": 52.4689605,
    "lon": 16.9485
  },
  "Poznań: ul. Skałkowskiego od 19 do 31 nieparzyste., Poznań": null,
  "Na Uboczu, Poznań": {
    "address": "Na Uboczu, Świerczewo, Poznań, województwo wielkopolskie, 60-113, Polska",
    "lat": 52.3753132,
    "lon": 16.8793348
  },
  "Klonowa, Poznań": {
    "address": "Klonowa, Dębiec, Zielony Dębiec, Poznań, województwo wielkopolskie, 61-468, Polska",
    "lat": 52.3710208,
    "lon": 16.9067657
  },
  "Urocza, Poznań": {
    "address": "Urocza, Umultowo, Poznań, województwo wielkopolskie, 61-602, Polska",
    "lat": 52.4663611,
    "lon": 16.949835
  },
  "Zielona, Poznań": {
    "address": "Zielona, Rybaki, Stare Miasto, Poznań, województwo wielkopolskie, 61-851, Polska",
    "lat": 52.4043024,
    "lon": 16.9341059
  },
  "Gruntowa, Poznań": {
    "address": "Gruntowa, Fabianowo, Fabianowo-Kotowo, Poznań, województwo wielkopolskie, 60-008, Polska",
    "lat": 52.3651412,
    "lon": 16.8598123
  },
  "Zakole, Poznań": {
    "address": "Zakole, Borówiec, gmina Kórnik, powiat poznański, województwo wielkopolskie, 62-023, Polska",
    "lat": 52.2706831,
    "lon": 17.0539242
  },
  "Kempingowa, Poznań": {
    "address": "Kempingowa, Borówiec, gmina Kórnik, powiat poznański, województwo wielkopolskie, 62-023, Polska",
    "lat": 52.2725908,
    "lon": 17.049794
  },
  "Czere, Poznań": null,
  "Nad Jeziorem, Poznań": {
    "address": "Nad Jeziorem, Kiekrz, Poznań, województwo wielkopolskie, 60-480, Polska",
    "lat": 52.463089,
    "lon": 16.7939998
  },
  "Zambrowska, Poznań": {
    "address": "Zambrowska, Czekalskie, Warszawskie, Warszawskie-Pomet-Maltańskie, Poznań, województwo wielkopolskie, 61-048, Polska",
    "lat": 52.4076706,
    "lon": 16.9867632
  },
  "Otwocka, Poznań": {
    "address": "Otwocka, Czekalskie, Warszawskie, Warszawskie-Pomet-Maltańskie, Poznań, województwo wielkopolskie, 61-048, Polska",
    "lat": 52.4076615,
    "lon": 16.986658
  },
  "Nowogrodzka, Poznań": {
    "address": "Nowogrodzka, Czekalskie, Warszawskie, Warszawskie-Pomet-Maltańskie, Poznań, województwo wielkopolskie, 61-048, Polska",
    "lat": 52.4089523,
    "lon": 16.9864898
  },
  "Poznań: ul. Jaśkowiaka od 82, Poznań": null,
  "Biwakowa od, Poznań": {
    "address": "Biwakowa, Kiekrz, Poznań, województwo wielkopolskie, 60-480, Polska",
    "lat": 52.4729392,
    "lon": 16.7589452
  },
  "Portowa, Poznań": {
    "address": "Portowa, Kiekrz, Poznań, województwo wielkopolskie, 60-480, Polska",
    "lat": 52.4751962,
    "lon": 16.760056
  },
  "Unruga od, Poznań": {
    "address": "Admirała Józefa Unruga, Kiekrz, Poznań, województwo wielkopolskie, 60-480, Polska",
    "lat": 52.4745003,
    "lon": 16.7602584
  },
  "Gronowa, Poznań": {
    "address": "Gronowa, Osiedle Na Murawie, Stare Winogrady, Winogrady, Poznań, województwo wielkopolskie, 60-001, Polska",
    "lat": 52.4302661,
    "lon": 16.933721
  },
  "Podbia, Poznań": null,
  "Szafranowa. \nBiedrusko, Poznań": null,
  "Halszki, Poznań": {
    "address": "Halszki, Radojewo, Morasko-Radojewo, Poznań, województwo wielkopolskie, 61-680, Polska",
    "lat": 52.4948411,
    "lon": 16.9528248
  },
  "Poligonowa, Poznań": {
    "address": "Poligonowa, Morasko, Morasko-Radojewo, Poznań, gmina Suchy Las, powiat poznański, województwo wielkopolskie, 61-680, Polska",
    "lat": 52.4968078,
    "lon": 16.9205693
  },
  "Radojewo, Poznań": {
    "address": "Radojewo, Morasko-Radojewo, Poznań, województwo wielkopolskie, Polska",
    "lat": 52.49832,
    "lon": 16.946504
  },
  "Imbirowa, Poznań": {
    "address": "Imbirowa, Radojewo, Morasko-Radojewo, Poznań, województwo wielkopolskie, 61-680, Polska",
    "lat": 52.4999024,
    "lon": 16.9388842
  },
  "Kminkowa, Poznań": {
    "address": "Kminkowa, Radojewo, Morasko-Radojewo, Poznań, województwo wielkopolskie, 61-680, Polska",
    "lat": 52.4977255,
    "lon": 16.9472661
  },
  "Arnikowa, Poznań": {
    "address": "Arnikowa, Nowa Wieś Górna, Morasko-Radojewo, Poznań, województwo wielkopolskie, 61-680, Polska",
    "lat": 52.4918179,
    "lon": 16.9382263
  },
  "Warszawska, Poznań": {
    "address": "Warszawska, Antonin, Antoninek, Antoninek-Zieliniec-Kobylepole, Poznań, województwo wielkopolskie, 61-062, Polska",
    "lat": 52.4112887,
    "lon": 17.0222246
  },
  "Janickiego, Poznań": {
    "address": "Klemensa Janickiego, Rynek Jeżycki, Jeżyce, Poznań, województwo wielkopolskie, 60-575, Polska",
    "lat": 52.4158412,
    "lon": 16.8948104
  },
  "Kuika od, Poznań": {
    "address": "Mariana Kuika, Trzebaw, gmina Stęszew, powiat poznański, województwo wielkopolskie, 62-061, Polska",
    "lat": 52.2776856,
    "lon": 16.761826
  },
  "Polna od, Poznań": {
    "address": "Polna, Rynek Jeżycki, Jeżyce, Poznań, województwo wielkopolskie, 60-533, Polska",
    "lat": 52.4096663,
    "lon": 16.8948286
  },
  "Kopy, Poznań": {
    "address": "Andrzeja Kopy, Wola, Poznań, województwo wielkopolskie, 60-411, Polska",
    "lat": 52.4263475,
    "lon": 16.8494842
  },
  "Gwia, Poznań": null,
  "Przylesie, Poznań": {
    "address": "Przylesie, Ławica, Skórzewo, gmina Dopiewo, powiat poznański, województwo wielkopolskie, 60-175, Polska",
    "lat": 52.3915847,
    "lon": 16.8084887
  },
  "Raczy, Poznań": null,
  "Lindego, Poznań": {
    "address": "Samuela Lindego, Ogrody, Poznań, województwo wielkopolskie, 60-573, Polska",
    "lat": 52.4182674,
    "lon": 16.889596
  },
  "Ostrowska od, Poznań": {
    "address": "Ostrowska, Szczepankowo, Szczepankowo-Spławie-Krzesinki, Poznań, województwo wielkopolskie, 61-308, Polska",
    "lat": 52.3662503,
    "lon": 16.9949315
  },
  "Grochowska od, Poznań": {
    "address": "Grochowska, Kasztelanów, Grunwald Południe, Grunwald, Poznań, województwo wielkopolskie, 60-311, Polska",
    "lat": 52.3990844,
    "lon": 16.8766183
  },
  "Willowa od, Poznań": {
    "address": "Willowa, Kiekrz, Poznań, województwo wielkopolskie, 60-480, Polska",
    "lat": 52.4798984,
    "lon": 16.7758869
  },
  "Turystyczna od, Poznań": {
    "address": "Turystyczna, Kiekrz, Poznań, województwo wielkopolskie, 60-480, Polska",
    "lat": 52.4803791,
    "lon": 16.7785209
  },
  "Brzask., Poznań": {
    "address": "Brzask, Świt, Grunwald Północ, Poznań, województwo wielkopolskie, 60-369, Polska",
    "lat": 52.4068859,
    "lon": 16.8786714
  },
  "Altanowa od, Poznań": {
    "address": "Altanowa, Kiekrz, Poznań, województwo wielkopolskie, 60-480, Polska",
    "lat": 52.481406,
    "lon": 16.7771664
  },
  "Wczasowa od, Poznań": {
    "address": "Wczasowa, Kobylepole, Antoninek-Zieliniec-Kobylepole, Poznań, województwo wielkopolskie, 61-060, Polska",
    "lat": 52.3972742,
    "lon": 17.028723
  },
  "Chojnicka, Poznań": {
    "address": "Chojnicka, Kiekrz, Poznań, województwo wielkopolskie, 60-480, Polska",
    "lat": 52.4777265,
    "lon": 16.7827499
  },
  "Podjazdowa od 2 do 18 parzyste. \nKiekrz, Poznań": null,
  "Jutrzenka, Poznań": {
    "address": "Jutrzenka, Świt, Grunwald Północ, Poznań, województwo wielkopolskie, 60-373, Polska",
    "lat": 52.4104065,
    "lon": 16.8775604
  },
  "Podg, Poznań": null,
  "Poznań: ul. Św. Wincentego 10, Poznań": null,
  "Poznań: ul. Św. Wincentego 7, Poznań": null,
  "Bielniki, Poznań": {
    "address": "Bielniki, Łęgi Dębińskie, Wilda, Poznań, województwo wielkopolskie, 61-555, Polska",
    "lat": 52.3950062,
    "lon": 16.9348609
  },
  "Droga D, Poznań": {
    "address": "Droga Dębińska, Łęgi Dębińskie, Wilda, Poznań, województwo wielkopolskie, 61-555, Polska",
    "lat": 52.3926504,
    "lon": 16.9327456
  },
  "Kopczy, Poznań": null,
  "Gieburowskiego, Poznań": {
    "address": "Wacława Gieburowskiego, Osiedle Bolesława Chrobrego, Piątkowo, Poznań, województwo wielkopolskie, 60-681, Polska",
    "lat": 52.4498707,
    "lon": 16.916935
  },
  "Kostrzewskiego, Poznań": {
    "address": "Józefa Kostrzewskiego, Osiedle Bolesława Chrobrego, Piątkowo, Poznań, województwo wielkopolskie, 60-681, Polska",
    "lat": 52.4471283,
    "lon": 16.9173407
  },
  "Dzieci Wrzesi, Poznań": null,
  "Majakowskiego, Poznań": {
    "address": "Włodzimierza Majakowskiego, Kobylepole, Antoninek-Zieliniec-Kobylepole, Poznań, gmina Swarzędz, powiat poznański, województwo wielkopolskie, 61-057, Polska",
    "lat": 52.3973928,
    "lon": 17.0385123
  },
  "Poznań ulica Opolska, Poznań": null,
  "Poznań ulica Chwaliszewo, Poznań": null,
  "chwaliszewo, Poznań": {
    "address": "Chwaliszewo, Stare Miasto, Poznań, województwo wielkopolskie, 61-102, Polska",
    "lat": 52.4069342,
    "lon": 16.9424386
  },
  "tyle chwaliszewo, Poznań": null,
  "wiosenna, Poznań": {
    "address": "Wiosenna, Ogrody, Poznań, województwo wielkopolskie, 60-592, Polska",
    "lat": 52.4145998,
    "lon": 16.8720792
  },
  "ogrodowa, Poznań": {
    "address": "Ogrodowa, Piekary, Stare Miasto, Poznań, województwo wielkopolskie, 61-825, Polska",
    "lat": 52.4038105,
    "lon": 16.929477
  },
  "słoneczna, Poznań": {
    "address": "Słoneczna, Pogodno, Grunwald Południe, Grunwald, Poznań, województwo wielkopolskie, 60-287, Polska",
    "lat": 52.3950097,
    "lon": 16.8768736
  },
  "letnia, Poznań": {
    "address": "Letnia, Główieniec, Antoninek, Antoninek-Zieliniec-Kobylepole, Poznań, województwo wielkopolskie, 61-057, Polska",
    "lat": 52.4056993,
    "lon": 17.0349651
  },
  "dębowa, Poznań": {
    "address": "Dębowa, Dębiec, Zielony Dębiec, Poznań, województwo wielkopolskie, 61-451, Polska",
    "lat": 52.3680885,
    "lon": 16.9128704
  },
  "kwiatowa, Poznań": {
    "address": "Kwiatowa, Rybaki, Stare Miasto, Poznań, województwo wielkopolskie, 61-883, Polska",
    "lat": 52.401875,
    "lon": 16.9312654
  },
  "poznańska, Poznań": {
    "address": "Poznańska, Rynek Jeżycki, Jeżyce, Poznań, województwo wielkopolskie, 60-848, Polska",
    "lat": 52.4133513,
    "lon": 16.9048857
  },
  "zimowa, Poznań": {
    "address": "Zimowa, Ogrody, Poznań, województwo wielkopolskie, 60-595, Polska",
    "lat": 52.4144381,
    "lon": 16.8706329
  },
  "szkolna, Poznań": {
    "address": "Szkolna, Rybaki, Stare Miasto, Poznań, województwo wielkopolskie, 61-832, Polska",
    "lat": 52.4075185,
    "lon": 16.9322942
  },
  "przedszkolna, Poznań": {
    "address": "Przedszkolna, Tarnowo Podgórne, gmina Tarnowo Podgórne, powiat poznański, województwo wielkopolskie, 62-079, Polska",
    "lat": 52.4794042,
    "lon": 16.6621882
  },
  "jesienna, Poznań": {
    "address": "Jesienna, Osiedle ks. Jerzego Popiełuszki, Grunwald Północ, Poznań, województwo wielkopolskie, 60-376, Polska",
    "lat": 52.4079912,
    "lon": 16.8752835
  },
  "kazimierza wielkiego, Poznań": {
    "address": "Kazimierza Wielkiego, Chwaliszewo, Stare Miasto, Poznań, województwo wielkopolskie, 61-860, Polska",
    "lat": 52.4024458,
    "lon": 16.9408893
  },
  "pogodna, Poznań": {
    "address": "Pogodna, Raszyn, Grunwald Południe, Poznań, województwo wielkopolskie, 60-137, Polska",
    "lat": 52.3878732,
    "lon": 16.8760061
  },
  "kołłątaja, Poznań": {
    "address": "Hugona Kołłątaja, Świerczewo, Poznań, województwo wielkopolskie, 61-413, Polska",
    "lat": 52.3649609,
    "lon": 16.8838234
  },
  "cymsa, Poznań": {
    "address": "Pawła Cymsa, Świerczewo, Poznań, województwo wielkopolskie, 61-421, Polska",
    "lat": 52.3684743,
    "lon": 16.8854323
  },
  "sucharskiego, Poznań": {
    "address": "Henryka Sucharskiego, Świerczewo, Poznań, województwo wielkopolskie, 61-421, Polska",
    "lat": 52.3686577,
    "lon": 16.8889604
  },
  "różyckiego, Poznań": {
    "address": "Jerzego Różyckiego, Świerczewo, Poznań, województwo wielkopolskie, 61-421, Polska",
    "lat": 52.3688017,
    "lon": 16.885609
  },
  "worcella, Poznań": {
    "address": "Stanisława Worcella, Świerczewo, Poznań, województwo wielkopolskie, 61-421, Polska",
    "lat": 52.369921,
    "lon": 16.8859819
  },
  "kiedacza, Poznań": {
    "address": "Zbigniewa Kiedacza, Świerczewo, Poznań, województwo wielkopolskie, 61-421, Polska",
    "lat": 52.3695052,
    "lon": 16.8859378
  },
  "dobrochny, Poznań": {
    "address": "Dobrochny, Antoninek Dolny, Antoninek-Zieliniec-Kobylepole, Poznań, województwo wielkopolskie, 61-055, Polska",
    "lat": 52.409158,
    "lon": 17.0159192
  },
  "świętochny, Poznań": {
    "address": "Świętochny, Antoninek Dolny, Antoninek-Zieliniec-Kobylepole, Poznań, województwo wielkopolskie, 61-055, Polska",
    "lat": 52.4097386,
    "lon": 17.0163687
  },
  "władymira, Poznań": {
    "address": "Władymira, Antoninek Dolny, Antoninek-Zieliniec-Kobylepole, Poznań, województwo wielkopolskie, 61-055, Polska",
    "lat": 52.4095362,
    "lon": 17.0151516
  },
  "św. kingi, Poznań": {
    "address": "Świętej Kingi, Antoninek Dolny, Antoninek-Zieliniec-Kobylepole, Poznań, województwo wielkopolskie, 61-055, Polska",
    "lat": 52.4087612,
    "lon": 17.0145838
  },
  "szewska, Poznań": {
    "address": "Szewska, Garbary, Stare Miasto, Poznań, województwo wielkopolskie, 61-760, Polska",
    "lat": 52.4101136,
    "lon": 16.9366359
  },
  "wielka, Poznań": {
    "address": "Wielka, Garbary, Stare Miasto, Poznań, województwo wielkopolskie, 61-001, Polska",
    "lat": 52.408761,
    "lon": 16.9351471
  },
  "czarnieckiego, Poznań": {
    "address": "Stefana Czarnieckiego, Rynek Wildecki, Wilda, Poznań, województwo wielkopolskie, 61-538, Polska",
    "lat": 52.393043,
    "lon": 16.9168331
  },
  "robocza, Poznań": {
    "address": "Robocza, Rynek Wildecki, Wilda, Poznań, województwo wielkopolskie, 61-519, Polska",
    "lat": 52.3889462,
    "lon": 16.9108028
  },
  "brzozowa, Poznań": {
    "address": "Brzozowa, Dębiec, Świerczewo, Poznań, województwo wielkopolskie, 61-428, Polska",
    "lat": 52.3692404,
    "lon": 16.8961435
  },
  "głogowa, Poznań": {
    "address": "Głogowa, Dębiec, Świerczewo, Poznań, województwo wielkopolskie, 61-429, Polska",
    "lat": 52.3685248,
    "lon": 16.8930113
  },
  "opolska, Poznań": {
    "address": "Opolska, Świerczewo, Poznań, województwo wielkopolskie, 61-404, Polska",
    "lat": 52.3625639,
    "lon": 16.8910512
  },
  "jesionowa, Poznań": {
    "address": "Jesionowa, Dębiec, Świerczewo, Poznań, województwo wielkopolskie, 61-429, Polska",
    "lat": 52.3696271,
    "lon": 16.8931065
  },
  "klenowska, Poznań": {
    "address": "Klenowska, Franowo, Chartowo, Poznań, województwo wielkopolskie, 61-292, Polska",
    "lat": 52.3793087,
    "lon": 16.9797452
  },
  "franowo, Poznań": {
    "address": "Franowo, Chartowo, Poznań, województwo wielkopolskie, Polska",
    "lat": 52.3769444,
    "lon": 16.9897222
  },
  "kłońska, Poznań": {
    "address": "Kłońska, Franowo, Chartowo, Poznań, województwo wielkopolskie, 61-302, Polska",
    "lat": 52.3783491,
    "lon": 16.9915729
  },
  "łuczkowska, Poznań": {
    "address": "Łuczkowska, Franowo, Chartowo, Poznań, województwo wielkopolskie, 61-302, Polska",
    "lat": 52.3768461,
    "lon": 16.9895606
  },
  "łosiowa, Poznań": {
    "address": "Łosiowa, Franowo, Chartowo, Poznań, województwo wielkopolskie, 61-302, Polska",
    "lat": 52.3760637,
    "lon": 16.9886174
  },
  "ternicka, Poznań": {
    "address": "Ternicka, Franowo, Chartowo, Poznań, województwo wielkopolskie, 61-302, Polska",
    "lat": 52.3775831,
    "lon": 16.9906004
  },
  "smolna, Poznań": {
    "address": "Smolna, Ostrów Tumski-Śródka-Zawady-Komandoria, Poznań, województwo wielkopolskie, 61-008, Polska",
    "lat": 52.4231395,
    "lon": 16.9652073
  },
  "średnia, Poznań": {
    "address": "Średnia, Nadolnik, Główna, Poznań, województwo wielkopolskie, 61-011, Polska",
    "lat": 52.4221967,
    "lon": 16.9714299
  },
  "nadolnik, Poznań": {
    "address": "Nadolnik, Główna, Poznań, województwo wielkopolskie, 61-012, Polska",
    "lat": 52.4244767,
    "lon": 16.9714946
  },
  "mickiewicza, Poznań": {
    "address": "Cokół po pomniku Adama Mickiewicza, Święty Marcin, Piekary, Stare Miasto, Poznań, województwo wielkopolskie, 61-810, Polska",
    "lat": 52.4057491,
    "lon": 16.928792
  },
  "woźniaka, Poznań": {
    "address": "Stanisława Woźniaka, Kórnik, gmina Kórnik, powiat poznański, województwo wielkopolskie, 62-023, Polska",
    "lat": 52.2524461,
    "lon": 17.0745869
  },
  "jarachowskiego, Poznań": null,
  "wyspiańskiego, Poznań": {
    "address": "Wyspiańskiego, Jana Matejki, Łazarz, Poznań, województwo wielkopolskie, 60-001, Polska",
    "lat": 52.3974793,
    "lon": 16.8996108
  },
  "ułańska, Poznań": {
    "address": "Ułańska, Łazarz, Poznań, województwo wielkopolskie, 60-763, Polska",
    "lat": 52.4000327,
    "lon": 16.8960356
  },
  "limanowskiego, Poznań": {
    "address": "Bolesława Limanowskiego, Łazarz, Poznań, województwo wielkopolskie, 60-001, Polska",
    "lat": 52.3968703,
    "lon": 16.8992814
  },
  "drużbackiej, Poznań": {
    "address": "Elżbiety Drużbackiej, Łazarz, Poznań, województwo wielkopolskie, 60-750, Polska",
    "lat": 52.3979843,
    "lon": 16.8981067
  },
  "kossaka, Poznań": {
    "address": "Juliusza Kossaka, Łazarz, Poznań, województwo wielkopolskie, 60-763, Polska",
    "lat": 52.3999606,
    "lon": 16.8975131
  },
  "cyniowa, Poznań": {
    "address": "Cyniowa, Osiedle Kwiatowe, Poznań, województwo wielkopolskie, 60-175, Polska",
    "lat": 52.3836718,
    "lon": 16.8207505
  },
  "malwowa, Poznań": {
    "address": "Malwowa, Osiedle Kwiatowe, Poznań, województwo wielkopolskie, 60-175, Polska",
    "lat": 52.3853433,
    "lon": 16.8236995
  },
  "macierzankowa, Poznań": {
    "address": "Macierzankowa, Osiedle Kwiatowe, Poznań, województwo wielkopolskie, 60-175, Polska",
    "lat": 52.384267,
    "lon": 16.8224423
  },
  "stokrotkowa, Poznań": {
    "address": "Stokrotkowa, Osiedle Kwiatowe, Poznań, województwo wielkopolskie, 61-169, Polska",
    "lat": 52.3827642,
    "lon": 16.8263654
  },
  "złocieniecka, Poznań": {
    "address": "Złocieniecka, Wydmy, Ławica, Poznań, województwo wielkopolskie, 60-182, Polska",
    "lat": 52.4074399,
    "lon": 16.8245298
  },
  "mirosławiecka, Poznań": {
    "address": "Mirosławiecka, Wydmy, Ławica, Poznań, województwo wielkopolskie, 60-182, Polska",
    "lat": 52.4070381,
    "lon": 16.8251696
  },
  "mniszkowa, Poznań": {
    "address": "Mniszkowa, Lusówko, gmina Tarnowo Podgórne, powiat poznański, województwo wielkopolskie, 62-080, Polska",
    "lat": 52.4271485,
    "lon": 16.6404016
  },
  "przemysłowa dz., Poznań": {
    "address": "Przemysłowa, Wierzbięcice, Wilda, Poznań, województwo wielkopolskie, 61-702, Polska",
    "lat": 52.4021471,
    "lon": 16.918462
  },
  "leśna, Poznań": {
    "address": "Leśna, Antonin, Antoninek, Antoninek-Zieliniec-Kobylepole, Poznań, województwo wielkopolskie, 61-057, Polska",
    "lat": 52.4159569,
    "lon": 17.0325761
  },
  "kręta, Poznań": {
    "address": "Kręta, Lasek, Luboń, powiat poznański, województwo wielkopolskie, 62-030, Polska",
    "lat": 52.3207486,
    "lon": 16.8844695
  },
  "palmowa, Poznań": {
    "address": "Palmowa, Skrzynki, gmina Kórnik, powiat poznański, województwo wielkopolskie, 62-023, Polska",
    "lat": 52.2698488,
    "lon": 17.0658333
  },
  "wiśniowa, Poznań": {
    "address": "Wiśniowa, Wilda, Poznań, województwo wielkopolskie, 61-478, Polska",
    "lat": 52.3752583,
    "lon": 16.909929
  },
  "figowa, Poznań": {
    "address": "Figowa, Różany Młyn, Umultowo, Poznań, województwo wielkopolskie, 61-605, Polska",
    "lat": 52.4632837,
    "lon": 16.9586506
  },
  "grzmota-skotnickiego, Poznań": {
    "address": "Stanisława Grzmota-Skotnickiego, Osiedle Za Fortem, Naramowice, Poznań, województwo wielkopolskie, 61-615, Polska",
    "lat": 52.4445674,
    "lon": 16.9394845
  },
  "edmunda knolla-kownackiego13, Poznań": null,
  "franciszka kleeberga, Poznań": {
    "address": "Franciszka Kleeberga, Osiedle Za Fortem, Naramowice, Poznań, województwo wielkopolskie, 61-615, Polska",
    "lat": 52.4453581,
    "lon": 16.9386948
  },
  "węgorka, Poznań": {
    "address": "Węgorka, Grunwaldzka, Grunwald Południe, Poznań, województwo wielkopolskie, 60-322, Polska",
    "lat": 52.3919396,
    "lon": 16.8575659
  },
  "kościelna, Poznań": {
    "address": "Kościelna, Rynek Jeżycki, Jeżyce, Poznań, województwo wielkopolskie, 60-870, Polska",
    "lat": 52.4128608,
    "lon": 16.9032869
  },
  "lipowa, Poznań": {
    "address": "Lipowa, Wilda, Poznań, województwo wielkopolskie, 61-478, Polska",
    "lat": 52.3751532,
    "lon": 16.9085839
  },
  "spokojna, Poznań": {
    "address": "Spokojna, Umultowo, Poznań, województwo wielkopolskie, 61-601, Polska",
    "lat": 52.4689605,
    "lon": 16.9485
  },
  "strażacka, Poznań": {
    "address": "Strażacka, Puszczykowo, powiat poznański, województwo wielkopolskie, 62-040, Polska",
    "lat": 52.2835011,
    "lon": 16.8553951
  },
  "parkowa, Poznań": {
    "address": "Parkowa, Łazarz, Poznań, województwo wielkopolskie, 60-774, Polska",
    "lat": 52.4019724,
    "lon": 16.9030897
  },
  "średzka, Poznań": {
    "address": "Średzka, Komandoria, Komandoria-Pomet, Warszawskie-Pomet-Maltańskie, Poznań, województwo wielkopolskie, 61-118, Polska",
    "lat": 52.4127122,
    "lon": 16.966039
  },
  "skałkowskiego, Poznań": {
    "address": "Adama Skałkowskiego, Różany Potok, Umultowo, Poznań, województwo wielkopolskie, 61-606, Polska",
    "lat": 52.4648658,
    "lon": 16.940447
  },
  "kempingowa, Poznań": {
    "address": "Kempingowa, Borówiec, gmina Kórnik, powiat poznański, województwo wielkopolskie, 62-023, Polska",
    "lat": 52.2649443,
    "lon": 17.0514582
  },
  "gruntowa, Poznań": {
    "address": "Gruntowa, Fabianowo, Fabianowo-Kotowo, Poznań, województwo wielkopolskie, 60-008, Polska",
    "lat": 52.3651412,
    "lon": 16.8598123
  },
  "czereśniowa, Poznań": {
    "address": "Czereśniowa, Dębiec, Świerczewo, Poznań, województwo wielkopolskie, 61-426, Polska",
    "lat": 52.3713436,
    "lon": 16.8944534
  },
  "ładna, Poznań": {
    "address": "Ładna, Bnin, Kórnik, gmina Kórnik, powiat poznański, województwo wielkopolskie, 62-036, Polska",
    "lat": 52.2284608,
    "lon": 17.0908273
  },
  "klonowa, Poznań": {
    "address": "Klonowa, Dębiec, Zielony Dębiec, Poznań, województwo wielkopolskie, 61-468, Polska",
    "lat": 52.3710208,
    "lon": 16.9067657
  },
  "nad jeziorem, Poznań": {
    "address": "Nad Jeziorem, Krzyżowniki, Krzyżowniki-Smochowice, Poznań, województwo wielkopolskie, 60-458, Polska",
    "lat": 52.4417301,
    "lon": 16.8041042
  },
  "zakole, Poznań": {
    "address": "Zakole, Borówiec, gmina Kórnik, powiat poznański, województwo wielkopolskie, 62-023, Polska",
    "lat": 52.2706831,
    "lon": 17.0539242
  },
  "urocza, Poznań": {
    "address": "Urocza, Umultowo, Poznań, województwo wielkopolskie, 61-602, Polska",
    "lat": 52.4663611,
    "lon": 16.949835
  },
  "okrężna, Poznań": {
    "address": "Okrężna, Jerzykowo, gmina Pobiedziska, powiat poznański, województwo wielkopolskie, 62-007, Polska",
    "lat": 52.4701548,
    "lon": 17.1775244
  },
  "na uboczu, Poznań": {
    "address": "Na Uboczu, Świerczewo, Poznań, województwo wielkopolskie, 60-113, Polska",
    "lat": 52.3753132,
    "lon": 16.8793348
  },
  "zielona, Poznań": {
    "address": "Zielona, Rybaki, Stare Miasto, Poznań, województwo wielkopolskie, 61-851, Polska",
    "lat": 52.4043024,
    "lon": 16.9341059
  },
  "nowogrodzka, Poznań": {
    "address": "Nowogrodzka, Czekalskie, Warszawskie, Warszawskie-Pomet-Maltańskie, Poznań, województwo wielkopolskie, 61-048, Polska",
    "lat": 52.4089523,
    "lon": 16.9864898
  },
  "otwocka, Poznań": {
    "address": "Otwocka, Czekalskie, Warszawskie, Warszawskie-Pomet-Maltańskie, Poznań, województwo wielkopolskie, 61-048, Polska",
    "lat": 52.4076615,
    "lon": 16.986658
  },
  "zambrowska, Poznań": {
    "address": "Zambrowska, Czekalskie, Warszawskie, Warszawskie-Pomet-Maltańskie, Poznań, województwo wielkopolskie, 61-048, Polska",
    "lat": 52.4076706,
    "lon": 16.9867632
  },
  "łomżyńska, Poznań": {
    "address": "Łomżyńska, Czekalskie, Warszawskie, Warszawskie-Pomet-Maltańskie, Poznań, województwo wielkopolskie, 61-048, Polska",
    "lat": 52.4074515,
    "lon": 16.9854225
  },
  "jaśkowiaka, Poznań": {
    "address": "Jaśkowiaka, Franciszka Jaśkowiaka, Morasko, Morasko-Radojewo, Poznań, województwo wielkopolskie, 61-680, Polska",
    "lat": 52.4886131,
    "lon": 16.9147236
  },
  "unruga, Poznań": {
    "address": "Admirała Józefa Unruga, Kiekrz, Poznań, województwo wielkopolskie, 60-480, Polska",
    "lat": 52.4745003,
    "lon": 16.7602584
  },
  "biwakowa, Poznań": {
    "address": "Biwakowa, Kiekrz, Poznań, województwo wielkopolskie, 60-480, Polska",
    "lat": 52.4729392,
    "lon": 16.7589452
  },
  "portowa, Poznań": {
    "address": "Portowa, Kiekrz, Poznań, województwo wielkopolskie, 60-480, Polska",
    "lat": 52.4751962,
    "lon": 16.760056
  },
  "białoszyńskiego, Poznań": {
    "address": "Adama Białoszyńskiego, Kiekrz, Poznań, województwo wielkopolskie, 60-480, Polska",
    "lat": 52.4734562,
    "lon": 16.7613392
  },
  "kwaśniewskiej, Poznań": {
    "address": "Janiny Kwaśniewskiej, Kiekrz, Poznań, województwo wielkopolskie, 60-480, Polska",
    "lat": 52.4743432,
    "lon": 16.7594481
  },
  "gronowa, Poznań": {
    "address": "Gronowa, Osiedle Na Murawie, Stare Winogrady, Winogrady, Poznań, województwo wielkopolskie, 60-001, Polska",
    "lat": 52.4290922,
    "lon": 16.9340357
  },
  "szafranowa. \nbiedrusko, Poznań": null,
  "kminkowa, Poznań": {
    "address": "Kminkowa, Radojewo, Morasko-Radojewo, Poznań, województwo wielkopolskie, 61-680, Polska",
    "lat": 52.4977255,
    "lon": 16.9472661
  },
  "halszki, Poznań": {
    "address": "Halszki, Radojewo, Morasko-Radojewo, Poznań, województwo wielkopolskie, 61-680, Polska",
    "lat": 52.4948411,
    "lon": 16.9528248
  },
  "gołębia, Poznań": {
    "address": "Gołębia, Rybaki, Stare Miasto, Poznań, województwo wielkopolskie, 61-832, Polska",
    "lat": 52.4067111,
    "lon": 16.9325619
  },
  "piołunowa, Poznań": {
    "address": "Piołunowa, Radojewo, Morasko-Radojewo, Poznań, województwo wielkopolskie, 62-009, Polska",
    "lat": 52.5014064,
    "lon": 16.9534915
  },
  "podbiałowa, Poznań": {
    "address": "Podbiałowa, Radojewo, Morasko-Radojewo, Poznań, województwo wielkopolskie, 61-680, Polska",
    "lat": 52.4983301,
    "lon": 16.9477619
  },
  "poligonowa, Poznań": {
    "address": "Poligonowa, Morasko, Morasko-Radojewo, Poznań, gmina Suchy Las, powiat poznański, województwo wielkopolskie, 61-680, Polska",
    "lat": 52.4968078,
    "lon": 16.9205693
  },
  "arnikowa, Poznań": {
    "address": "Arnikowa, Nowa Wieś Górna, Morasko-Radojewo, Poznań, województwo wielkopolskie, 61-680, Polska",
    "lat": 52.4918179,
    "lon": 16.9382263
  },
  "radojewo, Poznań": {
    "address": "Radojewo, Morasko-Radojewo, Poznań, województwo wielkopolskie, Polska",
    "lat": 52.49832,
    "lon": 16.946504
  },
  "imbirowa, Poznań": {
    "address": "Imbirowa, Radojewo, Morasko-Radojewo, Poznań, województwo wielkopolskie, 61-680, Polska",
    "lat": 52.4999024,
    "lon": 16.9388842
  },
  "warszawska, Poznań": {
    "address": "Warszawska, Antonin, Antoninek, Antoninek-Zieliniec-Kobylepole, Poznań, województwo wielkopolskie, 61-062, Polska",
    "lat": 52.411221,
    "lon": 17.0224654
  },
  "janickiego, Poznań": {
    "address": "Klemensa Janickiego, Rynek Jeżycki, Jeżyce, Poznań, województwo wielkopolskie, 60-541, Polska",
    "lat": 52.4188309,
    "lon": 16.8964404
  },
  "kuika, Poznań": {
    "address": "Mariana Kuika, Trzebaw, gmina Stęszew, powiat poznański, województwo wielkopolskie, 62-061, Polska",
    "lat": 52.2776856,
    "lon": 16.761826
  },
  "kościelna cała, Poznań": null,
  "kręta cała, Poznań": null,
  "leśna cała, Poznań": null,
  "głuchowska, Poznań": {
    "address": "Głuchowska, Górczynek, Górczyn, Poznań, województwo wielkopolskie, 60-102, Polska",
    "lat": 52.3700871,
    "lon": 16.8711313
  },
  "kopy, Poznań": {
    "address": "Andrzeja Kopy, Wola, Poznań, województwo wielkopolskie, 60-411, Polska",
    "lat": 52.4263475,
    "lon": 16.8494842
  },
  "polna, Poznań": {
    "address": "Polna, Rynek Jeżycki, Jeżyce, Poznań, województwo wielkopolskie, 60-533, Polska",
    "lat": 52.4108266,
    "lon": 16.8955491
  },
  "księżycowa, Poznań": {
    "address": "Księżycowa, Pogodno, Grunwald Południe, Grunwald, Poznań, województwo wielkopolskie, 60-001, Polska",
    "lat": 52.3972096,
    "lon": 16.8741769
  },
  "gwiaździsta, Poznań": {
    "address": "Gwiaździsta, Raszyn, Grunwald Południe, Poznań, województwo wielkopolskie, 60-151, Polska",
    "lat": 52.3932229,
    "lon": 16.8716423
  },
  "środkowa, Poznań": {
    "address": "Środkowa, Puszczykówko, Puszczykowo, powiat poznański, województwo wielkopolskie, 62-040, Polska",
    "lat": 52.2703441,
    "lon": 16.8651364
  },
  "przylesie, Poznań": {
    "address": "Przylesie, Ławica, Skórzewo, gmina Dopiewo, powiat poznański, województwo wielkopolskie, 60-175, Polska",
    "lat": 52.3915847,
    "lon": 16.8084887
  },
  "raczyńskiego, Poznań": {
    "address": "Edwarda Raczyńskiego, Podolany, Poznań, województwo wielkopolskie, 60-479, Polska",
    "lat": 52.4535918,
    "lon": 16.8910335
  },
  "lindego, Poznań": {
    "address": "Samuela Lindego, Ogrody, Poznań, województwo wielkopolskie, 60-573, Polska",
    "lat": 52.4182674,
    "lon": 16.889596
  },
  "świątniczki, Poznań": {
    "address": "Świątniczki, Krzesinki, Szczepankowo-Spławie-Krzesinki, Poznań, województwo wielkopolskie, 61-324, Polska",
    "lat": 52.3391515,
    "lon": 17.0094985
  },
  "ostrowska, Poznań": {
    "address": "Ostrowska, Szczepankowo, Szczepankowo-Spławie-Krzesinki, Poznań, województwo wielkopolskie, 61-308, Polska",
    "lat": 52.3662503,
    "lon": 16.9949315
  },
  "grochowska, Poznań": {
    "address": "Grochowska, Raszyn, Grunwald Południe, Grunwald, Poznań, województwo wielkopolskie, 60-277, Polska",
    "lat": 52.3948481,
    "lon": 16.8832358
  },
  "altanowa, Poznań": {
    "address": "Altanowa, Kiekrz, Poznań, województwo wielkopolskie, 60-480, Polska",
    "lat": 52.481406,
    "lon": 16.7771664
  },
  "brzask, Poznań": {
    "address": "Brzask, Świt, Grunwald Północ, Poznań, województwo wielkopolskie, 60-369, Polska",
    "lat": 52.4068859,
    "lon": 16.8786714
  },
  "wczasowa, Poznań": {
    "address": "Wczasowa, Kobylepole, Antoninek-Zieliniec-Kobylepole, Poznań, województwo wielkopolskie, 61-060, Polska",
    "lat": 52.3972742,
    "lon": 17.028723
  },
  "krótka, Poznań": {
    "address": "Krótka, Nadolnik, Główna, Poznań, województwo wielkopolskie, 61-011, Polska",
    "lat": 52.4224058,
    "lon": 16.9702661
  },
  "willowa, Poznań": {
    "address": "Willowa, Kiekrz, Poznań, województwo wielkopolskie, 60-480, Polska",
    "lat": 52.4798984,
    "lon": 16.7758869
  },
  "podjazdowa\nkiekrz, Poznań": {
    "address": "Podjazdowa, Kiekrz, Poznań, województwo wielkopolskie, 60-480, Polska",
    "lat": 52.4788898,
    "lon": 16.7761085
  },
  "chojnicka, Poznań": {
    "address": "Chojnicka, Kiekrz, Poznań, województwo wielkopolskie, 60-480, Polska",
    "lat": 52.4751085,
    "lon": 16.7897565
  },
  "turystyczna, Poznań": {
    "address": "Turystyczna, Kiekrz, Poznań, województwo wielkopolskie, 60-480, Polska",
    "lat": 52.4803791,
    "lon": 16.7785209
  },
  "jutrzenka, Poznań": {
    "address": "Jutrzenka, Świt, Grunwald Północ, Poznań, województwo wielkopolskie, 60-373, Polska",
    "lat": 52.4104065,
    "lon": 16.8775604
  },
  "podgórna, Poznań": {
    "address": "Podgórna, Piekary, Stare Miasto, Poznań, województwo wielkopolskie, 61-828, Polska",
    "lat": 52.4062698,
    "lon": 16.9302717
  },
  "św. wincentego, Poznań": {
    "address": "Świętego Wincentego, Zawady, Zagórze, Ostrów Tumski-Śródka-Zawady-Komandoria, Poznań, województwo wielkopolskie, 61-003, Polska",
    "lat": 52.4141515,
    "lon": 16.9532481
  },
  "bielniki, Poznań": {
    "address": "Bielniki, Łęgi Dębińskie, Wilda, Poznań, województwo wielkopolskie, 61-555, Polska",
    "lat": 52.3950062,
    "lon": 16.9348609
  },
  "droga dębińska, Poznań": {
    "address": "Droga Dębińska, Łęgi Dębińskie, Wilda, Poznań, województwo wielkopolskie, 61-492, Polska",
    "lat": 52.3758262,
    "lon": 16.9259806
  },
  "kopczyńskiego, Poznań": {
    "address": "Onufrego Kopczyńskiego, Piątkowo, Poznań, województwo wielkopolskie, 60-692, Polska",
    "lat": 52.4492692,
    "lon": 16.9089709
  },
  "gieburowskiego, Poznań": {
    "address": "Wacława Gieburowskiego, Osiedle Bolesława Chrobrego, Piątkowo, Poznań, województwo wielkopolskie, 60-681, Polska",
    "lat": 52.4498707,
    "lon": 16.916935
  },
  "łowmiańskiego, Poznań": {
    "address": "Henryka Łowmiańskiego, Osiedle Bolesława Chrobrego, Piątkowo, Poznań, województwo wielkopolskie, 60-681, Polska",
    "lat": 52.4476915,
    "lon": 16.9151047
  },
  "kostrzewskiego, Poznań": {
    "address": "Józefa Kostrzewskiego, Osiedle Bolesława Chrobrego, Piątkowo, Poznań, województwo wielkopolskie, 60-681, Polska",
    "lat": 52.4471156,
    "lon": 16.9170448
  },
  "dzieci wrzesińskich, Poznań": {
    "address": "Dzieci Wrzesińskich, Kobylepole, Antoninek-Zieliniec-Kobylepole, Poznań, województwo wielkopolskie, 61-066, Polska",
    "lat": 52.3948024,
    "lon": 17.0228664
  },
  "sępia, Poznań": {
    "address": "Sępia, Kobylepole, Antoninek-Zieliniec-Kobylepole, Poznań, województwo wielkopolskie, 61-066, Polska",
    "lat": 52.3931139,
    "lon": 17.0259679
  },
  "majakowskiego, Poznań": {
    "address": "Włodzimierza Majakowskiego, Kobylepole, Antoninek-Zieliniec-Kobylepole, Poznań, gmina Swarzędz, powiat poznański, województwo wielkopolskie, 61-057, Polska",
    "lat": 52.3973928,
    "lon": 17.0385123
  },
  "ulica opolska, Poznań": null,
  "ulica chwaliszewo, Poznań": null,
  "włościańska, Poznań": {
    "address": "Włościańska, Piątkowo, Poznań, województwo wielkopolskie, 61-691, Polska",
    "lat": 52.4439011,
    "lon": 16.91018
  },
  "lechicka, Poznań": {
    "address": "Lechicka, Piątkowo, Poznań, województwo wielkopolskie, 61-692, Polska",
    "lat": 52.4431229,
    "lon": 16.9119921
  },
  "bolesława śmiałego, Poznań": {
    "address": "Bolesława Śmiałego, Mosina, gmina Mosina, powiat poznański, województwo wielkopolskie, 62-050, Polska",
    "lat": 52.2304432,
    "lon": 16.8320229
  },
  "wierzbięcice, Poznań": {
    "address": "Wierzbięcice, Wilda, Poznań, województwo wielkopolskie, 61-579, Polska",
    "lat": 52.3978524,
    "lon": 16.9190897
  },
  "górna wilda, Poznań": {
    "address": "Górna Wilda, Wilda, Poznań, województwo wielkopolskie, 61-576, Polska",
    "lat": 52.3945113,
    "lon": 16.922776
  },
  "jana spychalskiego, Poznań": {
    "address": "Jana Spychalskiego, Rynek Wildecki, Wilda, Poznań, województwo wielkopolskie, 61-542, Polska",
    "lat": 52.3949671,
    "lon": 16.9183069
  },
  "28 czerwca, Poznań": {
    "address": "28 Czerwca 1956 roku, Dębina, Zielony Dębiec, Poznań, województwo wielkopolskie, 61-441, Polska",
    "lat": 52.3532487,
    "lon": 16.9017169
  },
  "rynek wschodni, Poznań": {
    "address": "Rynek Wschodni, Główna, Poznań, województwo wielkopolskie, Polska",
    "lat": 52.4210914,
    "lon": 16.969786
  },
  "harcerska, Poznań": {
    "address": "Harcerska, Nadolnik, Główna, Poznań, województwo wielkopolskie, 61-007, Polska",
    "lat": 52.4204483,
    "lon": 16.970886
  },
  "główna, Poznań": {
    "address": "Główna, Poznań, województwo wielkopolskie, Polska",
    "lat": 52.4247632,
    "lon": 16.9729702
  },
  "ogińskiego, Poznań": null,
  "daszyńskiego, Poznań": {
    "address": "Ignacego Daszyńskiego, Świerczewo, Poznań, województwo wielkopolskie, 61-421, Polska",
    "lat": 52.3669844,
    "lon": 16.8861151
  },
  "kurpińskiego, Poznań": {
    "address": "Kurpińskiego, Karola Kurpińskiego, Osiedle Bolesława Chrobrego, Piątkowo, Poznań, województwo wielkopolskie, 60-681, Polska",
    "lat": 52.4507727,
    "lon": 16.9194408
  },
  "wieniawskiego, Poznań": {
    "address": "Lotnisko Poznań-Ławica, Pilotów, Wola, Poznań, województwo wielkopolskie, 60-412, Polska",
    "lat": 52.420564,
    "lon": 16.8317925
  },
  "55 poznańskiego pułku piechoty, Poznań": {
    "address": "Tablica 55. Poznańskiego Pułku Piechoty, Aleja Armii Poznań, Stare Winogrady, Stare Miasto, Poznań, województwo wielkopolskie, 61-721, Polska",
    "lat": 52.4182659,
    "lon": 16.9337771
  },
  "osadnicza, Poznań": null,
  "andrzejewskiego, Poznań": {
    "address": "Antoniego Andrzejewskiego, Górczyn, Poznań, województwo wielkopolskie, 60-119, Polska",
    "lat": 52.3813296,
    "lon": 16.8846615
  },
  "dworcowa nr nieparzyste, Poznań": null,
  "nowotki, Poznań": {
    "address": "Pofam-Poznań, 29, Jana Kilińskiego, Śródmieście, Siedlce, województwo mazowieckie, 08-110, Polska",
    "lat": 52.1629074,
    "lon": 22.2753568
  },
  "szyftera, Poznań": {
    "address": "Dąb mjr Józefa Szyftera, Bukowska, Ławica, Poznań, województwo wielkopolskie, 60-189, Polska",
    "lat": 52.4131513,
    "lon": 16.8377548
  },
  "dolna wilda, Poznań": {
    "address": "Dolna Wilda, Wilda, Poznań, województwo wielkopolskie, 61-501, Polska",
    "lat": 52.3897927,
    "lon": 16.9243288
  },
  "św. jerzego, Poznań": {
    "address": "Św. Jerzego, 7, Świętego Jerzego, Rynek Wildecki, Wilda, Poznań, województwo wielkopolskie, 61-546, Polska",
    "lat": 52.3918063,
    "lon": 16.9221252
  },
  "krzyżowa, Poznań": {
    "address": "Krzyżowa, Rynek Wildecki, Wilda, Poznań, województwo wielkopolskie, 61-526, Polska",
    "lat": 52.3907404,
    "lon": 16.9203694
  },
  "juracka, Poznań": {
    "address": "Juracka, Osiedle Piastowskie, Rataje, Poznań, województwo wielkopolskie, 61-148, Polska",
    "lat": 52.3941654,
    "lon": 16.9452446
  }
}